PROVINCIA;MUNICIPIO;ESTACION;MAGNITUD;PUNTO_MUESTREO;ANNO;MES;D01;D02;D03;D04;D05;D06;D07;D08;D09;D10;D11;D12;D13;D14;D15;D16;D17;D18;D19;D20;D21;D22;D23;D24;D25;D26;D27;D28;D29;D30;D31
52;1;2;30;52001002_30_M;2023;2;;;;;;;;;;0.1;0.1;0.1;0.1;0.1;0.1;0.1;0.1;0.1;0.1;0.1;0.1;0.1;0.1;0.1;;;;;;;
52;1;2;30;52001002_30_M;2023;10;;;;;;;;;;;;;;;;;;;3.66;0.1;0.1;0.1;0.1;0.1;0.1;0.1;0.1;0.1;0.1;0.1;
25;51;1;30;25051001_30_M;2023;1;2.38;;;1.09;;;1.69;;;1.29;;;1.98;;;1.09;;;;;;0.5;;;0.5;;;1.49;;;1.98
25;51;1;30;25051001_30_M;2023;2;;;1.69;;;;1.09;;;1.39;;;1.49;;;;;;1.19;;;0.69;;;1.09;;;0.6;;;
25;51;1;30;25051001_30_M;2023;3;;;1.19;;;0.99;;;;;;0.5;;;0.6;;;0.6;;;0.6;;;0.69;;;0.5;;;;
25;51;1;30;25051001_30_M;2023;4;;0.5;;;;;;;;;;;;;;;;;;;;;;;;;;;;;
8;19;4;30;08019004_30_M;2023;1;;;2.4;;2.0;;;;;1.3;;1.6;;2.1;;;0.9;;0.8;;1.0;;;1.6;;2.4;;1.4;;;1.4
8;19;4;30;08019004_30_M;2023;2;;1.6;;2.0;;;1.1;;1.2;;1.5;;;1.8;;2.1;;1.9;;;2.3;;1.4;;1.4;;;1.1;;;
8;19;4;30;08019004_30_M;2023;3;;1.3;;1.7;;;2.1;;1.4;;0.7;;;0.9;;1.2;;1.0;;;1.7;;2.2;;2.0;;;1.0;;1.7;
8;19;4;30;08019004_30_M;2023;4;1.0;;;1.5;;;;1.0;;;;;1.0;;0.6;;;0.9;;1.2;;1.0;;;0.7;;0.9;;1.2;;
8;19;4;30;08019004_30_M;2023;5;;;;1.0;;0.8;;;1.4;;0.6;;0.8;;;1.2;;1.0;;0.9;;;1.7;;1.1;;1.4;;;0.9;
8;19;4;30;08019004_30_M;2023;6;0.7;;0.7;;;;;0.4;;0.7;;;0.6;;0.7;;0.6;;;;;1.0;;0.6;;;0.7;;0.6;;
8;19;4;30;08019004_30_M;2023;7;0.6;;;1.2;;0.7;;0.6;;;0.9;;0.7;;0.6;;;1.0;;0.8;;0.6;;;0.7;;1.0;;;;
8;19;4;30;08019004_30_M;2023;8;0.7;;0.6;;0.6;;;0.6;;0.6;;0.5;;;0.4;;0.5;;0.6;;;0.8;;1.4;;0.7;;;0.6;;0.9
8;19;4;30;08019004_30_M;2023;9;;0.6;;;0.6;;0.8;;0.9;;;;;0.8;;0.6;;;0.6;;1.3;;0.8;;;;;1.3;;1.4;
8;19;4;30;08019004_30_M;2023;10;;;1.2;;1.3;;1.2;;;1.5;;1.4;;1.0;;;2.0;;1.5;;1.0;;;1.1;;1.4;;1.4;;;1.3
8;19;4;30;08019004_30_M;2023;11;;;;1.1;;;1.4;;1.8;;1.3;;;1.8;;2.1;;2.0;;;2.0;;1.7;;2.4;;;1.6;;;
8;19;4;30;08019004_30_M;2023;12;;;;;;;;;;;;;;1.9;;2.6;;;2.8;;2.0;;1.3;;;;;2.7;;2.8;
8;19;42;30;08019042_30_M;2023;1;;;;;1.49;;;;;;;;1.29;;;;;;0.5;;;;;;;0.99;;;;;
8;19;42;30;08019042_30_M;2023;2;0.6;;;;;;;;;1.09;;;;;;1.59;;;;;;;0.93;;;;;;;;
8;19;42;30;08019042_30_M;2023;3;0.61;;;;;;;;;;0.5;;;;;;;;;;;;;;;;;;0.5;;
8;19;42;30;08019042_30_M;2023;4;;;;;;0.5;;;;;;;0.5;;;;;;0.69;;;;;;;;;0.79;;;
8;19;42;30;08019042_30_M;2023;5;;;;;;;;;;;;;;;;;;;;;0.5;;;;;;;;;0.5;
8;19;42;30;08019042_30_M;2023;6;;;;;;;;;0.5;;;;;;;0.79;;;;;;0.5;;;;;;;0.6;;
8;19;42;30;08019042_30_M;2023;7;;;;;0.5;;;;;;;;;0.5;;;;;;0.52;;;;;;;;0.5;;;
8;19;42;30;08019042_30_M;2023;8;;;;0.5;;;;;;;0.6;;;;;;0.5;;;;;;;0.69;;;;;;0.5;
8;19;42;30;08019042_30_M;2023;9;;;;;;;;;;;;;;;0.69;;;;;;;;;;;;0.5;;;;
8;19;42;30;08019042_30_M;2023;10;;;0.5;;;;;;;;;;0.6;;;;;;0.6;;;;;;;;0.5;;;;
8;19;42;30;08019042_30_M;2023;11;;0.5;;;;;;;;0.5;;;;;;0.6;;;;;;;;0.99;;;;;;0.5;
8;19;42;30;08019042_30_M;2023;12;;;;;;;;0.5;;;;;;0.6;;;;;;;0.99;;;;;;1.59;;;;
8;19;43;30;08019043_30_M;2023;1;1.9;3.5;1.8;2.5;2.2;1.9;1.9;1.7;1.6;1.9;2.7;2.1;3.3;2.2;1.5;1.3;;;;;;;;1.7;1.8;2.0;2.1;1.5;1.3;1.2;1.9
8;19;43;30;08019043_30_M;2023;2;2.1;2.3;1.0;2.7;1.6;1.4;1.1;1.5;1.8;1.8;;1.6;2.6;1.7;2.1;;3.8;2.4;2.3;4.2;2.6;2.3;0.6;1.2;1.3;1.0;1.4;1.3;;;
8;19;43;30;08019043_30_M;2023;3;1.4;1.5;2.1;1.5;;2.2;2.6;1.7;1.9;;;;;;1.7;;1.3;1.8;1.4;2.4;1.9;2.0;;2.0;1.4;1.4;1.4;1.4;1.1;;1.4
8;19;43;30;08019043_30_M;2023;4;0.9;0.8;1.5;1.0;1.6;0.5;0.6;0.7;0.9;0.9;1.4;;0.9;1.2;0.8;1.4;1.4;1.2;1.3;;1.3;0.9;0.8;;1.3;1.2;;1.6;1.6;0.7;
8;19;43;30;08019043_30_M;2023;5;0.7;1.2;1.2;;1.1;1.2;0.9;1.4;1.9;1.0;;1.4;1.2;1.1;;;1.2;;1.7;1.0;0.8;1.3;1.6;1.6;1.5;1.1;1.7;1.0;0.4;1.4;1.7
8;19;43;30;08019043_30_M;2023;6;;1.4;0.9;0.8;;1.2;1.3;0.7;1.2;1.3;1.1;0.4;1.4;1.3;0.4;1.2;0.9;0.9;1.2;1.4;1.2;;1.0;0.8;0.8;;1.1;1.6;;1.8;
8;19;43;30;08019043_30_M;2023;7;1.0;0.9;0.4;1.6;1.4;;1.6;1.2;1.1;1.7;1.6;1.6;0.5;1.5;1.1;0.9;0.5;1.7;1.5;1.3;1.9;1.3;1.8;1.5;0.6;1.7;1.4;1.7;1.0;0.8;1.2
8;19;43;30;08019043_30_M;2023;8;1.3;1.3;1.4;1.7;0.7;0.7;0.4;1.1;0.9;1.1;1.4;0.3;0.8;0.3;0.9;1.0;1.0;1.3;0.8;1.3;0.4;1.2;2.0;1.4;1.4;0.7;0.8;0.9;1.1;1.5;1.5
8;19;43;30;08019043_30_M;2023;9;1.8;0.9;0.9;;;2.0;1.7;1.9;1.4;1.4;0.6;2.1;1.7;1.7;2.1;1.5;1.3;1.1;1.7;1.5;1.6;1.5;0.9;0.9;0.5;1.4;1.7;1.5;2.4;2.9;
8;19;43;30;08019043_30_M;2023;10;1.8;2.0;1.6;1.4;1.9;2.4;1.4;1.6;;1.7;2.5;1.2;1.9;1.6;1.6;0.7;2.6;2.9;1.9;1.7;1.3;1.6;;1.5;1.2;1.7;1.4;1.5;1.9;2.5;1.6
8;19;43;30;08019043_30_M;2023;11;1.4;1.5;1.2;1.2;1.1;0.5;1.5;;2.2;1.6;2.3;2.2;3.5;2.6;;2.6;2.2;1.6;2.1;2.8;2.7;;2.1;2.5;2.6;2.0;0.8;3.2;;3.7;
8;19;43;30;08019043_30_M;2023;12;1.9;1.7;1.5;1.8;2.3;;2.3;1.9;2.0;;2.6;;;;;;;;;;;;1.8;1.5;2.1;2.1;3.1;2.5;3.5;2.5;2.0
8;19;44;30;08019044_30_M;2023;1;;;1.2;;3.4;;;;;2.2;;2.4;;2.2;;;1.2;;1.2;;1.4;;;2.0;;2.4;;1.4;;;2.4
8;19;44;30;08019044_30_M;2023;2;;3.0;;3.9;;;1.0;;1.8;;2.6;;;2.4;;2.3;;3.2;;;3.4;;2.3;;1.4;;;2.0;;;
8;19;44;30;08019044_30_M;2023;3;;1.9;;1.9;;;2.5;;1.9;;0.7;;;1.0;;2.0;;1.3;;;2.3;;2.7;;2.0;;;1.5;;1.6;
8;19;44;30;08019044_30_M;2023;4;1.0;;;1.2;;;;1.0;;;;;0.8;;0.7;;;1.4;;1.2;;0.9;;;1.1;;1.2;;1.5;;
8;19;44;30;08019044_30_M;2023;5;;;;1.0;;1.2;;;1.7;;1.0;;0.9;;;1.3;;1.6;;0.9;;;1.3;;1.3;;1.8;;;1.1;
8;19;44;30;08019044_30_M;2023;6;1.2;;1.1;;;;;1.5;;1.2;;;1.1;;1.3;;0.9;;;;;1.1;;0.8;;;1.3;;1.8;;
8;19;44;30;08019044_30_M;2023;7;0.9;;;2.0;;1.7;;1.0;;;2.2;;1.8;;1.1;;;1.9;;1.7;;1.0;;;1.3;;1.5;;1.0;;
8;19;44;30;08019044_30_M;2023;8;1.3;;1.4;;0.7;;;1.0;;1.2;;0.8;;;0.8;;;;1.4;;;2.1;;1.6;;0.9;;;1.0;;1.3
8;19;44;30;08019044_30_M;2023;9;;0.8;;;1.3;;1.4;;1.4;;;;;1.6;;1.2;;;1.3;;1.4;;1.0;;;;;1.4;;3.5;
8;19;44;30;08019044_30_M;2023;10;;;2.5;;1.7;;1.6;;;1.8;;1.6;;1.4;;;2.4;;1.7;;1.3;;;1.5;;1.8;;1.5;;;1.9
8;19;44;30;08019044_30_M;2023;11;;;;1.3;;;1.7;;2.3;;2.1;;;;;3.1;;2.3;;;3.1;;3.1;;2.0;;;2.4;;;
8;19;44;30;08019044_30_M;2023;12;;;;;;;;;;;;;;2.2;;2.4;;;5.1;;2.5;;1.4;;;;;2.2;;2.4;
8;19;54;30;08019054_30_M;2023;1;1.6;1.2;;1.5;1.1;1.1;0.9;0.9;0.7;0.8;1.1;1.1;1.5;1.1;0.9;0.7;0.7;1.4;0.7;1.0;0.7;1.1;1.0;1.1;1.3;1.7;1.2;1.0;1.0;0.9;1.0
8;19;54;30;08019054_30_M;2023;2;1.2;1.1;0.9;;;;0.9;1.1;0.8;1.1;;1.0;1.4;;1.7;1.7;1.5;1.7;0.5;1.6;1.9;1.4;1.1;1.2;1.1;1.4;0.4;1.0;;;
8;19;54;30;08019054_30_M;2023;3;1.2;1.2;1.5;1.3;1.4;1.6;1.4;1.2;0.7;0.6;0.6;0.8;1.1;0.6;1.7;1.6;1.2;1.3;1.3;1.6;1.2;1.3;1.0;1.2;0.9;1.0;0.7;;0.9;;0.6
8;19;54;30;08019054_30_M;2023;4;0.6;0.6;0.6;0.8;0.6;0.7;0.6;0.5;0.5;0.6;0.8;1.0;0.6;0.4;0.4;0.4;0.6;0.6;0.8;0.6;0.5;0.5;0.4;0.6;0.6;0.5;0.5;;0.4;0.3;
8;19;54;30;08019054_30_M;2023;5;0.4;0.6;0.7;0.5;0.5;0.6;0.5;0.7;0.9;0.6;0.4;0.5;0.5;0.5;0.6;0.5;0.6;0.5;0.5;0.5;0.5;0.5;0.6;0.7;0.5;0.6;0.6;0.5;;0.5;0.5
8;19;54;30;08019054_30_M;2023;6;0.5;0.6;0.4;0.4;0.4;;0.5;0.6;0.5;0.7;0.5;0.6;0.8;1.1;0.5;0.7;0.5;0.4;0.4;;0.6;0.3;0.6;0.7;0.7;0.9;0.6;1.5;0.8;0.8;
8;19;54;30;08019054_30_M;2023;7;1.1;1.3;1.0;1.1;1.2;0.6;0.8;0.7;0.8;0.7;0.3;0.8;0.3;0.7;0.4;0.6;0.7;1.0;1.0;0.9;0.8;0.6;0.7;0.7;0.3;0.8;0.7;0.5;0.5;0.6;0.7
8;19;54;30;08019054_30_M;2023;8;0.8;1.0;0.6;0.6;0.6;0.6;0.5;0.6;0.6;0.7;0.6;;0.6;0.9;0.7;0.9;0.6;0.5;0.8;1.0;1.1;1.0;;0.8;0.9;0.6;0.4;0.7;0.7;0.3;
8;19;54;30;08019054_30_M;2023;9;0.5;0.4;0.4;0.7;0.6;0.9;0.3;0.8;1.0;0.7;0.7;0.7;0.7;1.0;0.7;0.9;0.4;0.6;0.9;1.0;0.7;0.5;0.9;0.8;0.4;0.9;1.6;0.5;1.4;1.1;
8;19;54;30;08019054_30_M;2023;10;1.5;1.2;1.0;1.0;;0.9;1.0;1.0;1.2;1.3;1.7;1.1;1.0;;1.1;1.3;3.0;1.7;0.8;;0.9;0.9;1.1;1.0;0.9;0.9;0.6;0.8;0.8;;0.8
8;19;54;30;08019054_30_M;2023;11;0.8;1.0;0.8;0.8;0.7;0.4;1.0;1.0;1.1;0.4;1.3;1.1;0.8;0.9;1.2;0.5;1.2;1.2;1.8;2.0;1.6;1.6;1.0;1.1;1.1;1.4;1.4;0.4;2.1;0.4;
8;19;54;30;08019054_30_M;2023;12;1.3;1.1;1.2;1.2;1.5;1.4;1.4;0.6;1.0;0.7;1.0;0.8;;;;;;;;;;;0.6;0.7;1.6;;0.7;1.4;;1.9;1.2
8;187;12;30;08187012_30_M;2023;1;;;1.29;;;1.69;;;;;1.09;;;0.69;;;0.5;;;1.09;;;2.98;;;;;;1.98;;
8;187;12;30;08187012_30_M;2023;2;1.09;;;;0.6;;;0.6;;;0.69;;;1.39;;;1.59;;;1.59;;;;;;0.69;;;;;
8;187;12;30;08187012_30_M;2023;3;0.79;;;0.99;;;1.2;;;0.5;;;0.79;;;;;;0.6;;;0.69;;;0.69;;;0.6;;;0.6
8;187;12;30;08187012_30_M;2023;4;;;0.6;;;0.6;;;;;;0.6;;;0.5;;;0.69;;;0.6;;;0.5;;;;;;0.5;
8;187;12;30;08187012_30_M;2023;5;;;0.5;;;0.5;;;;;0.5;;;0.5;;;0.5;;;0.5;;;0.69;;;0.6;;;0.6;;
8;187;12;30;08187012_30_M;2023;6;0.5;;;;;0.5;;;0.5;;;0.5;;;;;;0.5;;;0.6;;;0.6;;;0.5;;;0.5;
8;187;12;30;08187012_30_M;2023;7;;;0.5;;;;;;0.5;;;0.5;;;;0.5;;;0.5;;;0.5;;;;;;0.5;;0.5;
8;187;12;30;08187012_30_M;2023;8;;0.5;;;0.5;;;0.5;;;0.5;;;0.5;;;;;;0.5;;;;0.5;;;0.5;0.5;;;0.69
8;187;12;30;08187012_30_M;2023;9;;;;;;0.69;;;0.69;;;0.6;;;0.6;;;0.69;;;;;;0.5;;;0.69;;;0.6;
8;187;12;30;08187012_30_M;2023;10;;;0.5;;;;;;0.79;;;0.6;;;;0.69;;0.79;;;0.6;;;0.5;;;0.69;;;0.79;
8;187;12;30;08187012_30_M;2023;11;;;;;0.5;;;0.69;;;0.89;;;0.69;;;0.89;;;1.29;;;;;;0.79;;;1.29;;
8;187;12;30;08187012_30_M;2023;12;;0.69;;;0.89;;;0.89;;;1.09;;;;;;1.49;;;1.49;;;0.69;;;1.49;;;0.5;;
8;184;6;30;08184006_30_M;2023;1;;;3.97;;;2.38;;;0.79;;;;;;2.88;;;0.9;;;0.79;;;2.1;;;4.07;;;;
8;184;6;30;08184006_30_M;2023;2;;;;;0.5;;;0.99;;;0.5;;;1.59;;;1.59;;;;;;3.57;;;1.39;;;;;
8;184;6;30;08184006_30_M;2023;3;0.5;;;1.29;;;1.29;;;0.5;;;0.69;;;;;;0.99;;;1.09;;;0.6;;;0.5;;;0.5
8;184;6;30;08184006_30_M;2023;4;;;0.5;;;0.69;;;;;;0.89;;;0.5;;;0.5;;;0.99;;;0.5;;;0.79;;;;
8;184;6;30;08184006_30_M;2023;5;;;0.5;;;0.99;;;;;;0.5;;;0.5;;;;;;0.69;;;0.5;;;0.5;;;0.8;
8;184;6;30;08184006_30_M;2023;6;;0.5;;;0.5;;;;;;0.5;;;0.5;;;0.79;;;0.79;;;0.5;;;0.5;;;0.6;;
8;184;6;30;08184006_30_M;2023;7;;;;;0.5;;;0.5;;;0.5;;;0.5;;;0.5;;;;;;0.5;;;0.5;;;0.5;;
8;184;6;30;08184006_30_M;2023;8;0.5;;;0.5;;;;;;0.79;;;0.5;;;0.6;;;0.6;;;0.69;;;0.5;;;0.5;;;0.5
8;184;6;30;08184006_30_M;2023;9;;;;;;0.5;;;0.69;;;0.5;;;0.69;;;0.5;;;;;;0.5;;;0.5;;;0.6;
8;184;6;30;08184006_30_M;2023;10;;;0.5;;;0.5;;;0.5;;;;;;0.6;;;0.5;;;0.5;;;0.5;;;0.5;;;0.5;
8;184;6;30;08184006_30_M;2023;11;;;;;0.5;;;0.5;;;0.79;;;0.5;;;0.5;;;;;;0.69;;;0.89;;;0.5;;
8;184;6;30;08184006_30_M;2023;12;;0.5;;;0.69;;;;1.49;;;2.28;;;0.5;;;0.99;;;;;;0.99;;;1.29;;;;1.59
8;307;12;30;08307012_30_M;2023;1;;;0.79;;;0.89;;;0.6;;;;;;1.29;;;0.93;;;1.19;;;0.5;;;0.99;;;0.69;
8;307;12;30;08307012_30_M;2023;2;;;;;0.69;;;1.09;;;0.99;;;0.79;;;0.98;;;;;;1.19;;;0.5;;;;;
8;307;12;30;08307012_30_M;2023;3;0.69;;;0.5;;;0.5;;;0.69;;;0.6;;;;;;0.89;;;0.5;;;2.28;;;0.69;;;0.5
8;307;12;30;08307012_30_M;2023;4;;;0.5;;;0.5;;;;;;0.5;;;0.5;;;0.6;;;0.5;;;1.29;;;0.5;;;;
8;307;12;30;08307012_30_M;2023;5;;;0.5;;;0.5;;;0.5;;;0.5;;;0.5;;;0.5;;;0.5;;;0.5;;;0.5;;;0.5;
8;307;12;30;08307012_30_M;2023;6;;0.5;;;0.69;;;;;;0.5;;;0.5;;;0.5;;;0.5;;;0.5;;;0.5;;;0.5;;
8;307;12;30;08307012_30_M;2023;7;;;;;0.5;;;0.5;;;0.5;;;0.5;;;0.5;;;;;;0.5;;;0.5;;;0.5;;
8;307;12;30;08307012_30_M;2023;8;0.5;;;0.5;;;;;;0.5;;;0.5;;;0.5;;;0.99;;;0.5;;;0.5;;;0.5;;;0.5
8;307;12;30;08307012_30_M;2023;9;;;;;;0.5;;;0.5;;;0.69;;;0.6;;;0.5;;;;;;0.5;;;0.5;;;0.69;
8;307;12;30;08307012_30_M;2023;10;;;0.5;;;0.5;;;0.5;;;;;;0.5;;;0.5;;;0.5;;;0.6;;;0.69;;;0.89;
8;307;12;30;08307012_30_M;2023;11;;;;;0.5;;;0.6;;;0.6;;;0.6;;;0.5;;;;;;0.5;;;0.6;;;0.5;;
8;307;12;30;08307012_30_M;2023;12;;0.5;;;0.5;;;;0.5;;;0.5;;;0.99;;;1.19;;;;;;0.99;;;2.18;;;0.5;
43;148;1;30;43148001_30_M;2023;1;;;0.6;0.89;;;;;;;;;;;0.5;;;1.68;;0.59;;;;0.83;;1.49;;;;2.68;
43;148;1;30;43148001_30_M;2023;2;;1.29;;;;0.69;0.5;;;;;;0.79;;0.69;;;;;1.29;;1.37;;0.5;;;0.8;;;;
43;148;1;30;43148001_30_M;2023;3;0.89;;0.89;0.79;;;;;;0.89;;;;;1.11;0.79;;;;1.19;;;;2.28;;;0.89;;1.11;;1.19
43;148;1;30;43148001_30_M;2023;4;;;0.99;;0.69;;;;;;0.99;;;0.69;;;;0.8;;;0.6;;;0.69;;0.79;;;;;
43;148;1;30;43148001_30_M;2023;5;;0.79;0.79;;0.69;;;;0.79;;0.89;;;;0.89;;0.79;;;;;0.6;0.69;;;;0.89;;;0.5;
43;148;1;30;43148001_30_M;2023;6;0.5;;;;0.79;;0.5;;;0.5;;;0.69;0.6;;0.79;;;;1.19;;0.69;;;;;0.5;;;;
43;148;1;30;43148001_30_M;2023;7;;;;0.5;;0.5;;;;;;0.5;;;;;;0.5;;;0.51;;;;0.99;;;;0.79;;
43;148;1;30;43148001_30_M;2023;8;;;0.5;;0.89;;0.7;;0.99;;0.7;;0.5;;;;0.69;;;;;;0.5;;0.5;;;;0.6;0.99;
43;148;1;30;43148001_30_M;2023;9;;;;;;0.6;;0.7;;;;;0.5;0.6;;;;;;1.19;;1.49;;;;;0.6;0.89;;1.59;
43;148;1;30;43148001_30_M;2023;10;;;0.79;;0.6;;;;0.89;;1.09;;;;;0.79;;;;0.6;;;0.99;;0.69;;;;;;
43;148;1;30;43148001_30_M;2023;11;;;;;;0.99;;;0.89;;;;;0.69;;0.5;;;;;;0.79;;0.99;;;0.79;;;0.99;
43;148;1;30;43148001_30_M;2023;12;;;1.09;;1.09;;0.6;;;;;;0.79;;0.99;;;;;1.09;0.79;;;;;;1.65;;1.88;;
43;123;5;30;43123005_30_M;2023;1;;1.49;;1.19;;;;;;0.79;;;1.29;;0.5;;0.5;;0.5;;;;;;1.49;;0.92;;;0.94;
43;123;5;30;43123005_30_M;2023;2;0.59;;;;;0.5;;;;1.39;;;0.69;;0.89;;1.09;;;;;0.97;0.5;;;;;0.5;;;
43;123;5;30;43123005_30_M;2023;3;;0.63;;;;0.66;;0.59;;;;;;0.5;0.5;;;;;;1.88;;4.98;;3.57;;0.59;;0.5;;
43;123;5;30;43123005_30_M;2023;4;;;0.5;0.69;0.59;;;;;;0.5;;0.5;;;;;;;;1.09;;;0.89;;1.09;;;;;
43;123;5;30;43123005_30_M;2023;5;;0.79;;0.69;;;;;0.5;;1.09;;;;0.5;;;;;;;1.78;;;0.89;;;;0.69;;
43;123;5;30;43123005_30_M;2023;6;0.79;;0.59;;;0.5;;;0.49;;;;0.5;;0.5;;;;;;0.69;0.59;;;;;0.79;;;0.5;
43;123;5;30;43123005_30_M;2023;7;;;;0.5;;;0.59;;;;0.5;0.5;;;;0.5;;0.64;;0.79;;0.5;;;0.5;;;0.5;;;0.5
43;123;5;30;43123005_30_M;2023;8;;;0.5;;0.5;;;;0.5;;0.5;;;1.29;;;;;0.89;;1.59;;;0.5;;;;;0.5;;0.5
43;123;5;30;43123005_30_M;2023;9;;;;;0.69;;;;;;;;;;;0.5;;0.69;;;;0.5;;;;;0.59;0.5;;;
43;123;5;30;43123005_30_M;2023;10;;0.59;;0.5;;0.5;;;;0.69;0.5;;;;;0.99;;;;;;;0.5;;;;0.5;;;;0.89
43;123;5;30;43123005_30_M;2023;11;;;0.5;;;0.5;;;;0.5;;;;0.5;0.5;;;;;;0.5;;0.5;;;;0.5;;;;
43;123;5;30;43123005_30_M;2023;12;0.5;;;;0.49;;0.48;;;;0.79;;0.5;;0.5;;;;;0.5;;0.5;;;;;1.39;;2.28;;
43;148;22;30;43148022_30_M;2023;1;;1.09;;;0.5;;;;0.59;;;;2.38;;;0.59;;;;0.99;;;;1.59;;2.08;;;;1.59;
43;148;22;30;43148022_30_M;2023;2;;1.78;;;;0.56;;;1.39;;;;1.49;;;7.93;;;;4.26;;;;1.39;;;0.5;;;;
43;148;22;30;43148022_30_M;2023;3;0.89;;;;;7.93;;0.5;;;;;0.5;;;8.92;;;;0.99;;;;7.93;;;0.79;;1.09;;
43;148;22;30;43148022_30_M;2023;4;;;;0.69;;1.98;;;;;0.5;;0.5;;;;0.5;;1.59;;;;;0.79;;1.29;;;;;
43;148;22;30;43148022_30_M;2023;5;;;0.5;;0.5;;;1.39;;;;0.89;;;0.5;;;;0.79;;;2.38;2.97;;;;;;0.99;;0.79
43;148;22;30;43148022_30_M;2023;6;;;;;0.5;;;;0.79;;;0.99;;;0.99;;;;;0.59;;0.99;;;;0.59;;0.69;;;
43;148;22;30;43148022_30_M;2023;7;;;0.89;;;;0.99;;;0.5;0.5;;;;;;0.79;;;;0.5;;;1.19;;0.5;;;;;0.5
43;148;22;30;43148022_30_M;2023;8;;;0.5;;;0.79;;0.5;;;;;1.19;2.78;;1.59;;;0.79;;1.68;;1.39;;;;;0.5;;;0.89
43;148;22;30;43148022_30_M;2023;9;;;;;;;2.28;4.26;;;;0.79;;;;;;1.39;;2.28;;0.5;;;2.08;;;1.49;;;
43;148;22;30;43148022_30_M;2023;10;;1.49;1.19;;;;;;;1.69;2.38;;;;;;2.48;;;0.5;;;1.29;0.99;;0.89;;;0.79;0.99;0.79
43;148;22;30;43148022_30_M;2023;11;2.18;;;;;0.89;;;1.49;;;;1.49;;;1.29;;;;0.5;;0.79;;;;;1.19;1.39;;;
43;148;22;30;43148022_30_M;2023;12;;;;1.19;;;4.46;;;;3.37;;;;0.5;;;2.28;;0.5;;;;;;;2.28;3.07;;;
43;148;28;30;43148028_30_M;2023;1;;;1.59;;;0.89;;;1.69;;;;;;1.09;;;0.69;;;1.29;;;0.98;;;1.39;;;0.94;
43;148;28;30;43148028_30_M;2023;2;;;;;0.6;;;0.5;;;0.6;;;0.6;;;2.28;;;;;;0.89;;;0.99;;;;;
43;148;28;30;43148028_30_M;2023;3;1.88;;;1.39;;;1.09;;;0.5;;;0.99;;;;;;0.69;;;3.47;;;2.28;;;0.89;;;1.59
43;148;28;30;43148028_30_M;2023;4;;;0.5;;;0.6;;;;;;0.5;;;0.6;;;0.89;;;0.5;;;0.5;;;0.5;;;;
43;148;28;30;43148028_30_M;2023;5;;;0.5;;;0.89;;;0.5;;;0.5;;;0.79;;;;;;0.5;;;0.69;;;1.19;;;0.5;
43;148;28;30;43148028_30_M;2023;6;;0.5;;;0.5;;;;;;0.5;;;;;;0.5;;;0.6;;;0.5;;;0.6;;;0.5;;
43;148;28;30;43148028_30_M;2023;7;;;;;0.5;;;0.5;;;0.5;;;0.5;;;0.5;;;;;;0.5;;;0.5;;;0.5;;
43;148;28;30;43148028_30_M;2023;8;0.5;;;0.5;;;;;;0.5;;;0.5;;;0.5;;;0.5;;;1.79;;;0.5;;;0.6;;;0.5
43;148;28;30;43148028_30_M;2023;9;;;;;;0.5;;;0.5;;;1.49;;;0.5;;;0.6;;;;;;1.09;;;0.5;;;;
43;148;28;30;43148028_30_M;2023;10;;;1.19;;;0.5;;;2.28;;;;;;1.39;;;1.09;;;0.5;;;0.5;;;2.48;;;0.5;
43;148;28;30;43148028_30_M;2023;11;;;;;0.79;;;2.18;;;0.6;;;0.5;;;0.5;;;;;;1.09;;;1.49;;;0.5;;
43;148;28;30;43148028_30_M;2023;12;;1.09;;;1.09;;;;0.79;;;0.99;;;0.5;;;1.79;;;;;;0.6;;;1.19;;;0.6;
8;283;4;30;08283004_30_M;2023;1;;;;0.94;;;0.93;;;0.79;;;1.19;;1.09;;;0.99;;;1.09;;;1.98;;;0.89;;;0.69;
8;283;4;30;08283004_30_M;2023;2;;0.69;;;;;;0.6;;;0.79;;;0.69;;;0.5;;;0.6;;;0.5;;;;;;;;
8;283;4;30;08283004_30_M;2023;3;0.89;;;1.59;;;;1.69;;;0.99;;;1.09;;;0.89;;;1.19;;;;;;;;;0.79;;
8;283;4;30;08283004_30_M;2023;4;0.79;;;0.99;;;;0.79;;;0.89;;;1.29;;;0.79;;;0.99;;;0.69;;;0.69;;;0.69;;
8;283;4;30;08283004_30_M;2023;5;;0.79;;;;;;;0.89;;;0.5;;;0.5;;;0.5;;;;;;0.5;;;0.5;;;0.5;
8;283;4;30;08283004_30_M;2023;6;;0.5;;;;;0.5;;;;;;0.5;;;0.5;;;0.5;;;0.5;;;;;;0.5;;;
8;283;4;30;08283004_30_M;2023;7;0.5;;;;0.5;;;0.5;;;0.5;;;0.5;;;0.5;;;;;;0.5;;;0.5;;;0.5;;
8;283;4;30;08283004_30_M;2023;8;;;;0.5;;;0.5;;;0.5;;;;;;0.5;;;0.5;;;0.5;;;0.5;;;0.5;;;0.5
8;283;4;30;08283004_30_M;2023;9;;;0.5;;;0.5;;;0.5;;;0.5;;;0.5;;;0.5;;;;;;0.5;;;0.5;;;0.5;
8;283;4;30;08283004_30_M;2023;10;;;0.5;;;0.5;;;0.5;;;;;;0.5;;;0.5;;;0.5;;;;0.5;;;0.5;;;0.5
8;283;4;30;08283004_30_M;2023;11;;;0.5;;;0.5;;;;;;0.5;;;0.5;;0.5;;;;0.5;;;0.79;;;0.5;;;0.5;
8;283;4;30;08283004_30_M;2023;12;;;;;;0.69;;;0.79;;;0.69;;;0.79;;;;;0.99;;;0.5;;;0.69;;;1.09;;
8;121;13;30;08121013_30_M;2023;1;;1.09;;;;;;1.09;;;1.59;;;1.19;;;0.7;;;1.29;;;1.49;;;;;;1.39;;
8;121;13;30;08121013_30_M;2023;2;1.29;;;1.29;;;0.6;;;1.19;;;0.99;;;;;;1.49;;;0.79;;;0.9;;;0.5;;;
8;121;13;30;08121013_30_M;2023;3;;;0.89;;;;0.89;;;0.5;;;0.6;;;;;;;;;0.7;;;0.5;;;0.5;;;0.7
8;121;13;30;08121013_30_M;2023;4;;;0.5;;;;;;0.5;;;0.5;;;0.5;;;0.5;;;0.5;;;0.5;;;;;;0.5;
8;121;13;30;08121013_30_M;2023;5;;;0.5;;;0.5;;;0.5;;;0.5;;;0.5;;;;;;0.5;;;0.5;;;0.6;;;0.5;
8;121;13;30;08121013_30_M;2023;6;;0.5;;;0.5;;;;;;0.5;;;;0.5;;;0.5;;;0.5;;;0.5;;;0.5;;;;
8;121;13;30;08121013_30_M;2023;7;;;0.5;;;;0.5;;;0.5;;;;;;0.5;;;0.5;;;0.5;;;0.5;;;0.5;;;
8;121;13;30;08121013_30_M;2023;8;0.5;;;0.5;;;0.5;;;;;;0.5;;;0.5;;;0.5;;;;0.69;;;0.5;;;0.5;;
8;121;13;30;08121013_30_M;2023;9;0.5;;;0.5;;;;;0.5;;;0.5;;;0.5;;;0.5;;;;;;0.5;;;0.5;;;0.5;
8;121;13;30;08121013_30_M;2023;10;;;0.5;;;0.5;;;0.6;;;;;;0.5;;;0.69;;;0.5;;;;;;0.5;;;0.5;
8;121;13;30;08121013_30_M;2023;11;;0.5;;;0.5;;;0.5;;;0.5;;;0.5;;;0.5;;;0.5;;;;;;0.5;;;0.5;;
8;121;13;30;08121013_30_M;2023;12;;0.5;;;0.69;;;0.69;;;0.5;;;;;;0.89;;;0.99;;;0.69;;;1.29;;;;;0.6
8;202;1;30;08202001_30_M;2023;1;;1.29;;1.49;;;;;1.49;;2.38;;;;;;0.79;;0.91;;;;;1.48;;2.77;;;;;2.09
8;202;1;30;08202001_30_M;2023;2;1.48;;;;;;1.68;0.49;;;;;;0.49;;1.29;;;;1.09;;0.89;;;;;;0.86;;;
8;202;1;30;08202001_30_M;2023;3;1.09;;;;;0.59;0.79;;0.49;;;;;;0.99;;0.69;;;;0.89;;;0.59;;;;0.59;0.49;;
8;202;1;30;08202001_30_M;2023;4;;;0.59;;;0.59;;;;;;0.49;0.54;;;;;;0.49;;;0.49;;;0.49;;0.49;;;;
8;202;1;30;08202001_30_M;2023;5;;;0.49;0.49;;;;;0.5;;0.5;;;;;0.5;;;0.5;;;;;;0.59;;;;;0.5;
8;202;1;30;08202001_30_M;2023;6;0.5;;;;0.5;;;;;;;;;;0.5;0.5;;;;;;0.5;0.5;;;;;;0.53;0.5;
8;202;1;30;08202001_30_M;2023;7;;;;;;0.54;0.5;;;0.5;;;;0.5;;;;0.5;;;0.5;;;;;0.5;0.5;;;;0.5
8;202;1;30;08202001_30_M;2023;8;;;;0.57;;;;;;0.5;;;;;;;0.5;0.5;;;;;0.5;;0.5;;;0.5;;;
8;202;1;30;08202001_30_M;2023;9;0.5;;;0.5;;;0.5;;;;;0.5;;0.5;;;;0.5;;;0.5;;;;;;0.5;;0.5;;
8;202;1;30;08202001_30_M;2023;10;;;;;0.69;0.5;;;0.51;0.5;;;;;;0.5;0.5;;;;;;;0.5;;;0.5;;;0.5;0.89
8;202;1;30;08202001_30_M;2023;11;;;;;;;;;1.03;0.69;;;0.59;0.5;;;;;;;;;;1.39;;;;;;;
8;202;1;30;08202001_30_M;2023;12;;;;;0.79;;1.29;;;;;1.39;;;1.98;;;;;;2.18;1.49;;;;;;2.08;1.49;;
17;79;3;30;17079003_30_M;2023;1;;;1.69;;;1.98;;;0.89;;;;;;0.69;;;0.99;;;0.69;;;1.19;;;1.29;;;1.49;
17;79;3;30;17079003_30_M;2023;2;;;;;0.99;;;1.09;;;1.39;;;1.69;;;2.18;;;1.79;;;;;;0.69;;;;;
17;79;3;30;17079003_30_M;2023;3;0.89;;;1.19;;;0.89;;;0.89;;;0.6;;;;;;0.6;;;0.79;;;0.6;;;0.5;;;0.6
17;79;3;30;17079003_30_M;2023;4;;;0.5;;;;;;0.6;;;0.5;;;0.5;;;1.29;;;0.6;;;0.5;;;0.5;;;;
17;79;3;30;17079003_30_M;2023;5;;;0.5;;;0.5;;;0.5;;;0.5;;;0.5;;;0.5;;;0.5;;0.5;;;0.5;;;0.5;;
17;79;3;30;17079003_30_M;2023;6;0.6;;;;;;0.5;;;0.5;;;0.5;;;0.5;;;0.5;;;;;;0.5;;;0.5;;;
17;79;3;30;17079003_30_M;2023;7;0.5;;;0.5;;;0.5;;;0.5;;;;;;;;;;;;;;0.5;;;0.5;;;0.5;
17;79;3;30;17079003_30_M;2023;8;;0.5;;;0.5;;;0.5;;;0.5;;;0.5;;;0.5;;;;;;;0.5;;0.5;;0.5;;0.5;
17;79;3;30;17079003_30_M;2023;9;0.5;;0.6;;0.6;;0.6;;0.5;;;;0.5;;;0.55;;;0.5;;;0.5;;;0.5;;;;;;
17;79;3;30;17079003_30_M;2023;10;;;;;;;0.5;;;;;;;;;0.5;;;0.5;;;0.5;;;;;;0.69;;;0.89
17;79;3;30;17079003_30_M;2023;11;;;0.69;;;0.6;;;;;;0.6;;;0.6;;;0.69;;;0.5;;;1.88;;;1.09;;;;
17;79;3;30;17079003_30_M;2023;12;;;0.6;;;0.79;;;1.39;;;;;;;;;;3.37;;;2.67;;;;;;;;;
17;13;1;30;17013001_30_M;2023;1;;;0.5;;;0.5;;;0.5;;;;;;0.5;;;0.5;;;0.5;;;0.5;;;0.5;;;0.5;
17;13;1;30;17013001_30_M;2023;2;;;;;0.5;;0.5;0.5;;0.6;0.6;;0.9;0.5;;;0.5;;0.5;;;0.69;0.5;;;0.5;;;;;
17;13;1;30;17013001_30_M;2023;3;0.5;;;0.5;;;0.5;;;0.5;;;0.5;;;;;;0.5;;;0.79;;;0.5;;;0.5;;;0.5
17;13;1;30;17013001_30_M;2023;4;;;0.5;;;0.5;;;;;;0.5;;;0.5;;;0.5;;;0.5;;;0.5;;;0.5;;;;
17;13;1;30;17013001_30_M;2023;5;;;;;;0.5;;;0.5;;;0.5;;;0.5;;;;;;0.5;;;0.5;;;0.5;;;0.5;
17;13;1;30;17013001_30_M;2023;6;;0.5;0.5;;0.5;;;;;;0.5;;;;;;0.5;;;0.5;;;0.5;;;0.5;;;0.5;;
17;13;1;30;17013001_30_M;2023;7;;;;;0.5;;;0.5;;;0.5;;;0.5;;;0.5;;;;;;0.5;;;0.5;;;0.5;;
17;13;1;30;17013001_30_M;2023;8;0.5;;;0.5;;;;;;0.5;;;0.5;;;0.5;;;0.5;;;0.5;;;0.5;;;0.5;;;
17;13;1;30;17013001_30_M;2023;9;;;;;;0.5;;;0.5;;;0.5;;;;;;0.54;;;;;;0.5;;;0.5;;;0.5;
17;13;1;30;17013001_30_M;2023;10;;;0.5;;;0.5;;;0.5;;;;;;0.5;;;0.5;;;0.5;;;0.5;;;0.5;;;0.5;
17;13;1;30;17013001_30_M;2023;11;;;;;0.5;;;0.5;;;0.5;;;0.5;;;0.5;;;;;;0.5;;;0.5;;;0.5;;
17;13;1;30;17013001_30_M;2023;12;;0.5;;;0.5;;;;0.5;;;0.6;;;0.5;;;0.5;;;;;;0.6;;;0.5;;;0.5;
25;172;1;30;25172001_30_M;2023;1;;;0.6;;;0.5;;;0.5;;;;;;0.89;;;1.49;;;0.5;;;0.5;;;0.89;;;0.6;
25;172;1;30;25172001_30_M;2023;2;;;;;0.5;;;0.6;;;0.5;;;0.5;;;0.5;;;;;;0.5;;;0.6;;;;;
25;172;1;30;25172001_30_M;2023;3;0.5;;;0.6;;;0.6;;;0.5;;;0.5;;;;;;0.5;;;0.5;;;0.5;;;0.5;;;0.5
25;172;1;30;25172001_30_M;2023;4;;;0.5;;;0.5;;;;;;0.5;;;0.5;;;;;;0.5;;;0.5;;;0.5;;;;
25;172;1;30;25172001_30_M;2023;5;;;0.5;;;0.5;;;0.5;;;0.5;;;0.5;;;0.5;;;0.5;;;0.5;;;0.5;;;0.5;
25;172;1;30;25172001_30_M;2023;6;;0.5;;;0.5;;;;;;0.5;;;0.5;;;0.5;;;0.5;;;0.5;;;0.5;;;0.5;;
25;172;1;30;25172001_30_M;2023;7;;;;;0.5;;;0.5;;;0.5;;;0.5;;;0.5;;;;;;0.5;;;0.5;;;0.5;;
25;172;1;30;25172001_30_M;2023;8;0.5;;;0.5;;;;;;0.5;;;0.5;;;0.5;;;0.5;;;0.5;;;0.5;;;0.5;;;0.5
25;172;1;30;25172001_30_M;2023;9;;;;;;0.5;;;0.5;;;0.5;;;0.5;;;0.5;;;;;;0.5;;;0.5;;;0.5;
25;172;1;30;25172001_30_M;2023;10;;;0.5;;;0.5;;;0.5;;;;;;0.5;;;0.5;;;0.5;;;0.5;;;0.5;;;0.5;
25;172;1;30;25172001_30_M;2023;11;;;;;0.5;;;0.5;;;0.5;;;0.5;;;0.5;;;;;;0.5;;;0.5;;;0.5;;
25;172;1;30;25172001_30_M;2023;12;;0.5;;;0.5;;;;0.5;;;0.5;;;0.6;;;0.5;;;;;;0.69;;;1.29;;;0.69;
25;120;1;30;25120001_30_M;2023;1;;;3.08;;;1.19;;;2.18;;;;;;4.96;;;1.19;;;1.39;;;0.99;;;1.49;;;1.09;
25;120;1;30;25120001_30_M;2023;2;;;;;1.59;;;1.39;;;1.49;;;1.88;;;1.49;;;;;;1.29;;;1.88;;;;;
25;120;1;30;25120001_30_M;2023;3;0.5;;;0.89;;;1.09;;;1.29;;;0.5;;;;;;0.5;;;0.5;;;0.5;;;0.6;;;0.6
25;120;1;30;25120001_30_M;2023;4;;;0.5;;;0.5;;;;;;0.5;;;0.5;;;0.5;;;0.5;;;0.5;;;0.5;;;;
25;120;1;30;25120001_30_M;2023;5;;;0.5;;;0.5;;;0.5;;;0.5;;;0.5;;;;;;0.5;;;0.5;;;0.5;;;0.5;
25;120;1;30;25120001_30_M;2023;6;;0.5;;;0.5;;;;;;0.5;;;0.5;;;0.5;;;0.5;;;0.6;;;0.5;;;0.5;;
25;120;1;30;25120001_30_M;2023;7;;;;;0.5;;;0.5;;;0.5;;;0.5;;;0.5;;;;;;0.5;;;0.5;;;0.5;;
25;120;1;30;25120001_30_M;2023;8;0.5;;;0.5;;;;;;0.5;;;0.5;;;0.5;;;0.5;;;0.5;;;0.5;;;0.5;;;0.5
25;120;1;30;25120001_30_M;2023;9;;;;;;0.5;;;0.5;;;0.5;;;0.5;;;0.5;;;;;;0.5;;;0.5;;;0.5;
25;120;1;30;25120001_30_M;2023;10;;;0.69;;;0.5;;;0.6;;;;;;0.5;;;0.5;;;0.5;;;0.6;;;0.69;;;0.5;
25;120;1;30;25120001_30_M;2023;11;;;;;0.6;;;0.6;;;0.89;;;0.5;;;0.6;;;;;;0.99;;;1.09;;;0.5;;
25;120;1;30;25120001_30_M;2023;12;;0.5;;;1.09;;;;1.39;;;1.39;;;1.69;;;2.48;;;;;;0.5;;;1.31;;;2.28;
43;14;1;30;43014001_30_M;2023;1;;;0.93;;;1.49;;;1.59;;;;;;0.89;;;1.39;;;1.19;;;1.09;;;1.09;;;;
43;14;1;30;43014001_30_M;2023;2;;;;;0.79;;;0.5;;;0.99;;;1.09;;;0.99;;;;;;0.99;;;1.0;;;;;
43;14;1;30;43014001_30_M;2023;3;0.79;;;0.8;;;0.81;;;0.51;;;0.51;;;;;;0.6;;;0.51;;;;;;;;;0.71
43;14;1;30;43014001_30_M;2023;4;;;0.52;;;0.51;;;;;;0.52;;;0.53;;;0.51;;;0.5;;;0.51;;;0.51;;;;
43;14;1;30;43014001_30_M;2023;5;;;0.51;;;0.5;;;0.5;;;0.5;;;0.5;;;;;;0.5;;;0.5;;;0.5;;;0.5;
43;14;1;30;43014001_30_M;2023;6;;0.5;;;0.5;;;;;;0.5;;;0.5;;;0.5;;;0.5;;;0.5;;;0.5;;;0.5;;
43;14;1;30;43014001_30_M;2023;7;;;;;0.5;;;0.5;;;0.5;;;0.5;;;0.5;;;;;;0.5;;;0.5;;;0.5;;
43;14;1;30;43014001_30_M;2023;8;0.5;;;0.5;;;;;;0.5;;;0.5;;;0.5;;;0.5;;;0.5;;;0.5;;;0.5;;;0.5
43;14;1;30;43014001_30_M;2023;9;;;;;;0.5;;;0.6;;;0.5;;;0.5;;;0.5;;;;;;0.5;;;0.5;;;0.5;
43;14;1;30;43014001_30_M;2023;10;;;0.5;;;0.5;;;0.5;;;;;;0.5;;;0.5;;;0.5;;;0.5;;;0.5;;;0.5;
43;14;1;30;43014001_30_M;2023;11;;;;;0.5;;;0.5;;;0.5;;;0.5;;;0.5;;;;;;0.5;;;0.5;;;0.5;;
43;14;1;30;43014001_30_M;2023;12;;0.5;;;0.6;;;;0.5;;;0.6;;;0.5;;;0.79;;;;;;0.5;;;0.5;;;0.5;
8;113;7;30;08113007_30_M;2023;1;;;0.89;;;0.6;;;0.5;;;;;;0.69;;;0.5;;;0.6;;;1.49;;;0.79;;;;
8;113;7;30;08113007_30_M;2023;2;;0.98;;;0.95;;;0.79;;;0.94;;;0.92;;;0.97;;;0.92;;;;;;0.69;;;;;
8;113;7;30;08113007_30_M;2023;3;0.69;;;0.89;;;0.69;;;0.5;;;0.6;;;;;;0.6;;;0.79;;;0.6;;;0.5;;;0.5
8;113;7;30;08113007_30_M;2023;4;;;0.5;;;;;;0.5;;;0.5;;;0.5;;;;0.5;;;0.5;;;0.5;;;0.6;;;
8;113;7;30;08113007_30_M;2023;5;;;;0.5;;;0.5;;;0.5;;;0.5;;;;;0.5;;;0.5;;;0.5;;;0.5;;;0.5;
8;113;7;30;08113007_30_M;2023;6;;;;;;;;;;;;;;;;;;;;;;;;;;;;0.5;;;
8;113;7;30;08113007_30_M;2023;7;0.5;;;;;;0.5;;;0.5;;;;;;0.5;;;0.5;;;;;;0.5;;;0.5;;;0.5
8;113;7;30;08113007_30_M;2023;8;;;;;;0.5;;;0.5;;;0.89;;;0.5;;;0.5;;;0.5;;;;;;0.5;;;0.5;
8;113;7;30;08113007_30_M;2023;9;;0.5;;;0.6;;;0.5;;;;;;;;;;;;;;;0.5;;;0.6;;;0.69;;
8;113;7;30;08113007_30_M;2023;10;;0.5;;;;;;0.6;;;0.5;;;0.6;;;;0.69;;;0.5;;;0.79;;;0.6;;;0.5;
8;113;7;30;08113007_30_M;2023;11;;;;;0.89;;;;0.69;;;0.6;;;0.5;;;0.69;;;0.69;;;0.79;;;0.79;;;1.69;
8;113;7;30;08113007_30_M;2023;12;;;;;;0.89;;;0.6;;;0.8;;;0.6;;;1.49;;;;;;0.6;;;1.29;;;1.09;
8;22;6;30;08022006_30_M;2023;1;0.69;;;1.19;;;1.09;;;0.5;;;1.19;;;0.89;;;;;;0.5;;;1.29;;;0.89;;;0.79
8;22;6;30;08022006_30_M;2023;2;;;0.79;;;;;;;;;;;;;;;;;;;;;;0.79;;;0.79;;;
8;22;6;30;08022006_30_M;2023;3;;;0.69;;;0.6;;;;;;0.5;;;0.5;;;0.6;;;0.79;;;0.6;;;0.5;;;;
8;22;6;30;08022006_30_M;2023;4;;0.5;;;;;;;0.5;;;0.5;;;0.5;;;0.5;;;0.5;;;0.5;;;;;;0.5;
8;22;6;30;08022006_30_M;2023;5;;;0.5;;;0.5;;;0.5;;;0.5;;;0.5;;;;;;0.5;;;;0.5;;;0.5;;;0.5
8;22;6;30;08022006_30_M;2023;6;;;0.5;;;0.5;;;0.5;;;0.5;;;0.5;;;;;;0.5;;;0.5;;;0.5;;;0.5;
8;22;6;30;08022006_30_M;2023;7;;;;0.5;;;0.5;;;0.5;;;;;;0.5;;;0.5;;;0.5;;;0.5;;;0.5;;;0.5
8;22;6;30;08022006_30_M;2023;8;;;;;;0.5;;;0.5;;;0.5;;;0.5;;;0.5;;;0.5;;;;;;0.5;;;0.5;
8;22;6;30;08022006_30_M;2023;9;;0.5;;;0.5;;;0.5;;;0.5;;;;;0.5;;;0.5;;;0.69;;;0.5;;;0.5;;;
8;22;6;30;08022006_30_M;2023;10;;;;;0.5;;;0.5;;;0.5;;;0.5;;;0.5;;;0.5;;;0.5;;;;;;0.5;;
8;22;6;30;08022006_30_M;2023;11;0.6;;;0.5;;;0.5;;;0.5;;;0.5;;;;;;0.5;;;;;;;;;;;;
8;22;6;30;08022006_30_M;2023;12;;;;;0.69;;;0.79;;;0.6;;;0.79;;;0.6;;0.69;;;1.19;;;0.6;;;0.99;;;0.89
45;153;999;30;45153999_30_M;2023;1;0.7452;;;;0.7776;;;0.7452;;;;0.5832;;;0.8424;;;;0.7128;;;0.8748;;;;0.8424;;;0.9072;;
45;153;999;30;45153999_30_M;2023;3;;0.0648;;;;0.0648;;;0.0648;;;;0.0648;;;0.0648;;;;0.1296;;;0.0648;;;;0.0648;;;0.0648;
45;153;999;30;45153999_30_M;2023;4;;;0.9072;;;0.8424;;;;0.0648;;;0.0648;;;;0.0648;;;0.0648;;;;0.0648;;;0.0648;;;;
45;153;999;30;45153999_30_M;2023;5;0.0648;;;0.0648;;;;0.0648;;;0.0648;;;;0.0648;;;0.0648;;;;0.0648;;;0.0648;;;;0.0648;;
45;153;999;30;45153999_30_M;2023;2;;;0.6156;;;0.1944;;;0.5184;;;;0.3888;;;0.0648;;;;0.0648;;;0.0648;;;;0.486;;;;
